qPCR,well,sample,type,IPC_Ct,inhibition_rate,hake_task,hake_Ct,hake_copies_ul
H5,A1,E05,gBlocks,28.562,2.366,STANDARD,20.427,100000
H5,A2,E05,gBlocks,28.211,2.016,STANDARD,20.108,100000
H5,A3,E05,gBlocks,28.422,2.227,STANDARD,20.199,100000
H5,B1,E04,gBlocks,26.267,0.071,STANDARD,23.328,10000
H5,B2,E04,gBlocks,26.081,-0.115,STANDARD,23.289,10000
H5,B3,E04,gBlocks,25.989,-0.207,STANDARD,23.48,10000
H5,C1,E03,gBlocks,26.204,0.008,STANDARD,26.893,1000
H5,C2,E03,gBlocks,25.959,-0.237,STANDARD,26.746,1000
H5,C3,E03,gBlocks,26.047,-0.149,STANDARD,26.903,1000
H5,D1,E02,gBlocks,26.243,0.047,STANDARD,30.065,100
H5,D2,E02,gBlocks,26.227,0.031,STANDARD,30.322,100
H5,D3,E02,gBlocks,26.179,-0.017,STANDARD,30.293,100
H5,E2,E01,gBlocks,26.231,0.035,STANDARD,33.366,10
H5,E3,E01,gBlocks,26.272,0.076,STANDARD,34.558,10
H5,F1,E00,gBlocks,26.184,-0.012,STANDARD,34.602,1
H5,F2,E00,gBlocks,26.293,0.097,STANDARD,37.351,1
H5,F3,E00,gBlocks,26.271,0.075,STANDARD,37.148,1
H6,A1,E05,gBlocks,29.221,2.906,STANDARD,18.833,100000
H6,A2,E05,gBlocks,30.171,3.856,STANDARD,18.48,100000
H6,A3,E05,gBlocks,30.548,4.233,STANDARD,18.462,100000
H6,B1,E04,gBlocks,26.524,0.209,STANDARD,21.683,10000
H6,B2,E04,gBlocks,26.443,0.128,STANDARD,21.481,10000
H6,B3,E04,gBlocks,25.941,-0.374,STANDARD,21.615,10000
H6,C1,E03,gBlocks,26.258,-0.057,STANDARD,25.25,1000
H6,C2,E03,gBlocks,26.129,-0.186,STANDARD,24.981,1000
H6,C3,E03,gBlocks,25.994,-0.321,STANDARD,24.83,1000
H6,D1,E02,gBlocks,26.26,-0.055,STANDARD,28.36,100
H6,D2,E02,gBlocks,26.161,-0.154,STANDARD,27.964,100
H6,D3,E02,gBlocks,26.313,-0.003,STANDARD,28.006,100
H6,E1,E01,gBlocks,26.178,-0.137,STANDARD,31.54,10
H6,E2,E01,gBlocks,26.243,-0.073,STANDARD,31.273,10
H6,E3,E01,gBlocks,26.343,0.028,STANDARD,32.188,10
H6,F1,E00,gBlocks,26.228,-0.087,STANDARD,35.734,1
H6,F2,E00,gBlocks,26.376,0.061,STANDARD,33.94,1
H6,F3,E00,gBlocks,26.26,-0.055,STANDARD,36.456,1
H7,F1,E00,gBlocks,26.448,-0.166,STANDARD,34.209,1
H7,F3,E00,gBlocks,26.65,0.036,STANDARD,35.668,1
H7,E1,E01,gBlocks,26.586,-0.028,STANDARD,31.256,10
H7,E2,E01,gBlocks,26.565,-0.049,STANDARD,31.179,10
H7,E3,E01,gBlocks,26.695,0.081,STANDARD,31.598,10
H7,D1,E02,gBlocks,26.461,-0.153,STANDARD,28.218,100
H7,D2,E02,gBlocks,26.626,0.012,STANDARD,28.301,100
H7,D3,E02,gBlocks,26.656,0.042,STANDARD,28.486,100
H7,C1,E03,gBlocks,26.501,-0.113,STANDARD,25.22,1000
H7,C2,E03,gBlocks,26.41,-0.204,STANDARD,25.085,1000
H7,C3,E03,gBlocks,26.339,-0.275,STANDARD,25.281,1000
H7,B1,E04,gBlocks,27.113,0.499,STANDARD,21.696,10000
H7,B2,E04,gBlocks,26.708,0.094,STANDARD,21.691,10000
H7,B3,E04,gBlocks,26.667,0.053,STANDARD,21.787,10000
H7,A1,E05,gBlocks,30.789,4.175,STANDARD,18.875,100000
H7,A2,E05,gBlocks,31.123,4.509,STANDARD,18.555,100000
H7,A3,E05,gBlocks,31.314,4.7,STANDARD,18.699,100000
H8,A1,E05,gBlocks,29.611,3.257,STANDARD,20.39,100000
H8,A2,E05,gBlocks,30.529,4.176,STANDARD,20.014,100000
H8,A3,E05,gBlocks,29.31,2.957,STANDARD,20.153,100000
H8,B1,E04,gBlocks,26.44,0.087,STANDARD,23.357,10000
H8,B2,E04,gBlocks,26.618,0.265,STANDARD,23.307,10000
H8,B3,E04,gBlocks,26.111,-0.242,STANDARD,23.359,10000
H8,C1,E03,gBlocks,26.276,-0.077,STANDARD,26.857,1000
H8,C2,E03,gBlocks,26.231,-0.123,STANDARD,26.713,1000
H8,C3,E03,gBlocks,26.215,-0.139,STANDARD,26.717,1000
H8,D1,E02,gBlocks,26.338,-0.015,STANDARD,30.118,100
H8,D2,E02,gBlocks,26.384,0.031,STANDARD,29.908,100
H8,D3,E02,gBlocks,26.274,-0.079,STANDARD,30.005,100
H8,E1,E01,gBlocks,26.477,0.124,STANDARD,33.592,10
H8,E2,E01,gBlocks,26.361,0.008,STANDARD,32.848,10
H8,E3,E01,gBlocks,26.343,-0.011,STANDARD,32.981,10
H8,F1,5,gBlocks,26.392,0.039,STANDARD,33.412,5
H8,F2,5,gBlocks,26.392,0.039,STANDARD,34.227,5
H8,F3,5,gBlocks,26.437,0.084,STANDARD,33.797,5
H8,G1,E00,gBlocks,26.198,-0.155,STANDARD,Undetermined,1
H8,G2,E00,gBlocks,26.407,0.054,STANDARD,Undetermined,1
H8,G3,E00,gBlocks,26.48,0.127,UNKNOWN,37.348,0.427179337
H8,H1,E00,gBlocks,26.307,-0.046,STANDARD,35.357,1
H8,H2,E00,gBlocks,26.363,0.01,STANDARD,36.358,1
H8,H3,E00,gBlocks,26.351,-0.002,STANDARD,36.353,1
H9,A1,E05,gBlocks,29.456,2.771,STANDARD,20.463,100000
H9,A2,E05,gBlocks,30.064,3.378,STANDARD,20.198,100000
H9,A3,E05,gBlocks,29.331,2.646,STANDARD,20.459,100000
H9,B1,E04,gBlocks,26.805,0.12,STANDARD,23.419,10000
H9,B2,E04,gBlocks,26.694,0.009,STANDARD,23.57,10000
H9,B3,E04,gBlocks,26.407,-0.279,STANDARD,23.69,10000
H9,C1,E03,gBlocks,26.425,-0.26,STANDARD,27.067,1000
H9,C2,E03,gBlocks,26.554,-0.131,STANDARD,27.061,1000
H9,C3,E03,gBlocks,26.529,-0.157,STANDARD,27.165,1000
H9,D1,E02,gBlocks,26.684,-0.001,STANDARD,30.234,100
H9,D2,E02,gBlocks,26.837,0.152,STANDARD,30.244,100
H9,D3,E02,gBlocks,26.599,-0.086,STANDARD,30.135,100
H9,E1,E01,gBlocks,26.588,-0.097,STANDARD,33.826,10
H9,E2,E01,gBlocks,26.691,0.006,STANDARD,32.945,10
H9,E3,E01,gBlocks,26.778,0.092,UNKNOWN,35.401,2.478692532
H9,F1,5,gBlocks,26.649,-0.036,STANDARD,34.022,5
H9,F2,5,gBlocks,26.654,-0.031,STANDARD,35.48,5
H9,F3,5,gBlocks,26.655,-0.031,STANDARD,36.112,5
H9,G1,E00,gBlocks,26.761,0.076,STANDARD,35.973,1
H9,G2,E00,gBlocks,26.642,-0.043,STANDARD,Undetermined,1
H9,G3,E00,gBlocks,26.735,0.05,STANDARD,36.741,1
H9,H1,E00,gBlocks,26.666,-0.02,STANDARD,35.93,1
H9,H2,E00,gBlocks,26.609,-0.076,STANDARD,35.853,1
H9,H3,E00,gBlocks,26.595,-0.09,STANDARD,36.821,1
H10,A1,E05,gBlocks,29.542,3.008,STANDARD,19.423,100000
H10,A2,E05,gBlocks,30.443,3.909,STANDARD,18.981,100000
H10,A3,E05,gBlocks,30.142,3.608,STANDARD,19.105,100000
H10,B1,E04,gBlocks,26.733,0.199,STANDARD,22.279,10000
H10,B2,E04,gBlocks,26.734,0.2,STANDARD,22.279,10000
H10,B3,E04,gBlocks,26.675,0.141,STANDARD,22.198,10000
H10,C1,E03,gBlocks,26.395,-0.14,STANDARD,25.634,1000
H10,C2,E03,gBlocks,26.309,-0.226,STANDARD,25.617,1000
H10,C3,E03,gBlocks,26.235,-0.299,STANDARD,25.547,1000
H10,D1,E02,gBlocks,26.422,-0.113,STANDARD,28.581,100
H10,D2,E02,gBlocks,26.513,-0.021,STANDARD,28.744,100
H10,D3,E02,gBlocks,26.429,-0.106,STANDARD,28.709,100
H10,E1,E01,gBlocks,26.418,-0.116,STANDARD,32.277,10
H10,E2,E01,gBlocks,26.46,-0.075,STANDARD,32.063,10
H10,E3,E01,gBlocks,26.796,0.261,STANDARD,32.281,10
H10,F1,5,gBlocks,26.362,-0.172,STANDARD,32.976,5
H10,F2,5,gBlocks,26.904,0.369,STANDARD,33.24,5
H10,F3,5,gBlocks,26.532,-0.003,STANDARD,33.41,5
H10,G1,E00,gBlocks,26.549,0.014,STANDARD,34.704,1
H10,G2,E00,gBlocks,26.837,0.302,STANDARD,37.464,1
H10,G3,E00,gBlocks,26.533,-0.001,STANDARD,35.542,1
H10,H1,E00,gBlocks,26.471,-0.063,STANDARD,34.077,1
H10,H2,E00,gBlocks,26.386,-0.149,STANDARD,36.095,1
H10,H3,E00,gBlocks,26.768,0.234,STANDARD,35.896,1
H11,A1,E05,gBlocks,28.79,2.659,STANDARD,19.745,100000
H11,A2,E05,gBlocks,29.137,3.006,STANDARD,19.505,100000
H11,A3,E05,gBlocks,28.286,2.155,STANDARD,19.723,100000
H11,B1,E04,gBlocks,26.44,0.309,STANDARD,22.898,10000
H11,B2,E04,gBlocks,26.214,0.083,STANDARD,22.912,10000
H11,B3,E04,gBlocks,26.175,0.044,STANDARD,23.045,10000
H11,C1,E03,gBlocks,26.212,0.081,STANDARD,26.014,1000
H11,C2,E03,gBlocks,26.242,0.111,STANDARD,25.998,1000
H11,C3,E03,gBlocks,26.151,0.02,STANDARD,25.944,1000
H11,D1,E02,gBlocks,26.38,0.249,STANDARD,28.943,100
H11,D2,E02,gBlocks,26.391,0.26,STANDARD,28.948,100
H11,D3,E02,gBlocks,26.378,0.247,STANDARD,28.863,100
H11,E1,E01,gBlocks,26.282,0.151,STANDARD,32.091,10
H11,E2,E01,gBlocks,26.422,0.291,STANDARD,31.946,10
H11,E3,E01,gBlocks,26.361,0.23,STANDARD,32.777,10
H11,F1,5,gBlocks,26.354,0.223,STANDARD,32.903,5
H11,F2,5,gBlocks,26.392,0.261,STANDARD,33.282,5
H11,F3,5,gBlocks,26.313,0.182,STANDARD,33.427,5
H11,G1,E00,gBlocks,26.47,0.339,STANDARD,35.745,1
H11,G2,E00,gBlocks,26.3,0.169,STANDARD,35.319,1
H11,G3,E00,gBlocks,26.483,0.352,STANDARD,34.597,1
H11,H1,E00,gBlocks,26.31,0.179,STANDARD,35.831,1
H11,H2,E00,gBlocks,26.454,0.323,STANDARD,Undetermined,1
H11,H3,E00,gBlocks,26.351,0.22,STANDARD,Undetermined,1
H12,A1,E05,gBlocks,30.966,4.706,STANDARD,19.853,100000
H12,A2,E05,gBlocks,31.726,5.466,STANDARD,19.637,100000
H12,A3,E05,gBlocks,30.508,4.248,STANDARD,19.801,100000
H12,B1,E04,gBlocks,26.605,0.345,STANDARD,22.94,10000
H12,B2,E04,gBlocks,26.658,0.398,STANDARD,22.923,10000
H12,B3,E04,gBlocks,26.406,0.146,STANDARD,23.016,10000
H12,C1,E03,gBlocks,26.336,0.076,STANDARD,26.197,1000
H12,C2,E03,gBlocks,26.21,-0.05,STANDARD,26.178,1000
H12,C3,E03,gBlocks,26.149,-0.111,STANDARD,26.148,1000
H12,D1,E02,gBlocks,26.343,0.083,STANDARD,29.432,100
H12,D2,E02,gBlocks,26.337,0.077,STANDARD,29.39,100
H12,D3,E02,gBlocks,26.416,0.156,STANDARD,29.416,100
H12,E1,E01,gBlocks,26.358,0.098,STANDARD,32.523,10
H12,E2,E01,gBlocks,26.428,0.168,STANDARD,32.409,10
H12,E3,E01,gBlocks,26.394,0.134,STANDARD,33.326,10
H12,F1,5,gBlocks,26.329,0.069,STANDARD,33.665,5
H12,F2,5,gBlocks,26.449,0.189,STANDARD,33.102,5
H12,F3,5,gBlocks,26.315,0.055,STANDARD,33.134,5
H12,G1,E00,gBlocks,26.431,0.171,STANDARD,35.384,1
H12,G2,E00,gBlocks,26.424,0.165,STANDARD,34.928,1
H12,G3,E00,gBlocks,26.344,0.084,STANDARD,36.724,1
H12,H1,E00,gBlocks,26.327,0.067,STANDARD,34.829,1
H12,H2,E00,gBlocks,26.471,0.211,STANDARD,35.952,1
H12,H3,E00,gBlocks,26.479,0.219,STANDARD,36.895,1
H13,A1,E05,gBlocks,29.249,3.129,STANDARD,19.632,100000
H13,A2,E05,gBlocks,30.838,4.718,STANDARD,19.441,100000
H13,A3,E05,gBlocks,29.91,3.79,STANDARD,19.5,100000
H13,B1,E04,gBlocks,26.338,0.218,STANDARD,22.752,10000
H13,B2,E04,gBlocks,26.245,0.124,STANDARD,22.716,10000
H13,B3,E04,gBlocks,26.081,-0.04,STANDARD,22.778,10000
H13,C1,E03,gBlocks,25.932,-0.188,STANDARD,26.016,1000
H13,C2,E03,gBlocks,26.029,-0.091,STANDARD,25.99,1000
H13,C3,E03,gBlocks,26.048,-0.072,STANDARD,26.108,1000
H13,D1,E02,gBlocks,26.264,0.144,STANDARD,29.142,100
H13,D2,E02,gBlocks,26.07,-0.051,STANDARD,29.234,100
H13,D3,E02,gBlocks,26.142,0.021,STANDARD,29.238,100
H13,E1,E01,gBlocks,26.181,0.061,STANDARD,32.256,10
H13,E2,E01,gBlocks,26.07,-0.05,STANDARD,31.954,10
H13,E3,E01,gBlocks,26.225,0.104,STANDARD,32.788,10
H13,F1,5,gBlocks,26.426,0.305,STANDARD,34.031,5
H13,F2,5,gBlocks,26.111,-0.01,STANDARD,33.311,5
H13,F3,5,gBlocks,26.167,0.046,STANDARD,33.209,5
H13,G1,E00,gBlocks,26.095,-0.025,STANDARD,35.812,1
H13,G2,E00,gBlocks,26.066,-0.054,STANDARD,35.027,1
H13,G3,E00,gBlocks,26.248,0.128,STANDARD,36.367,1
H13,H1,E00,gBlocks,26.172,0.051,STANDARD,35.54,1
H13,H2,E00,gBlocks,26.107,-0.013,STANDARD,35.396,1
H13,H3,E00,gBlocks,26.183,0.063,STANDARD,34.794,1
H14,A1,E05,gBlocks,28.435,2.104,STANDARD,19.245,100000
H14,A2,E05,gBlocks,29.879,3.549,STANDARD,19.104,100000
H14,A3,E05,gBlocks,29.17,2.84,STANDARD,19.201,100000
H14,B1,E04,gBlocks,26.726,0.396,STANDARD,22.508,10000
H14,B2,E04,gBlocks,26.177,-0.153,STANDARD,22.425,10000
H14,B3,E04,gBlocks,25.932,-0.399,STANDARD,22.724,10000
H14,C1,E03,gBlocks,26.087,-0.243,STANDARD,25.69,1000
H14,C2,E03,gBlocks,26.081,-0.249,STANDARD,25.911,1000
H14,C3,E03,gBlocks,26.216,-0.114,STANDARD,26.03,1000
H14,D1,E02,gBlocks,26.415,0.085,STANDARD,29.211,100
H14,D2,E02,gBlocks,26.437,0.106,STANDARD,29.218,100
H14,D3,E02,gBlocks,26.446,0.116,STANDARD,29.47,100
H14,E1,E01,gBlocks,26.341,0.01,STANDARD,32.367,10
H14,E2,E01,gBlocks,26.45,0.12,STANDARD,32.552,10
H14,E3,E01,gBlocks,26.454,0.124,STANDARD,32.677,10
H14,F1,5,gBlocks,26.383,0.053,UNKNOWN,32.056,15.55328846
H14,F2,5,gBlocks,26.19,-0.141,STANDARD,33.671,5
H14,F3,5,gBlocks,26.378,0.047,STANDARD,33.865,5
H14,G1,E00,gBlocks,26.461,0.131,STANDARD,37.169,1
H14,G2,E00,gBlocks,26.257,-0.074,STANDARD,37.072,1
H14,G3,E00,gBlocks,26.429,0.098,STANDARD,35.842,1
H14,H1,E00,gBlocks,26.34,0.009,STANDARD,36.197,1
H14,H2,E00,gBlocks,26.358,0.028,STANDARD,34.632,1
H14,H3,E00,gBlocks,26.348,0.018,STANDARD,Undetermined,1
H15,A1,E05,gBlocks,30.512,4.056,STANDARD,19.776,100000
H15,A2,E05,gBlocks,30.195,3.739,STANDARD,19.652,100000
H15,A3,E05,gBlocks,29.961,3.505,STANDARD,19.785,100000
H15,B1,E04,gBlocks,26.516,0.059,STANDARD,23.004,10000
H15,B2,E04,gBlocks,26.356,-0.1,STANDARD,23.012,10000
H15,B3,E04,gBlocks,26.298,-0.158,STANDARD,23.149,10000
H15,C1,E03,gBlocks,26.321,-0.135,STANDARD,26.574,1000
H15,C2,E03,gBlocks,26.27,-0.186,STANDARD,26.521,1000
H15,C3,E03,gBlocks,26.126,-0.33,STANDARD,26.649,1000
H15,D1,E02,gBlocks,26.374,-0.082,STANDARD,29.782,100
H15,D2,E02,gBlocks,26.4,-0.056,STANDARD,29.85,100
H15,D3,E02,gBlocks,26.292,-0.164,STANDARD,29.628,100
H15,E1,E01,gBlocks,26.345,-0.112,STANDARD,32.892,10
H15,E2,E01,gBlocks,26.329,-0.127,STANDARD,33.533,10
H15,E3,E01,gBlocks,26.436,-0.02,STANDARD,34.701,10
H15,F1,5,gBlocks,26.227,-0.229,STANDARD,34.223,5
H15,F2,5,gBlocks,26.382,-0.074,STANDARD,33.695,5
H15,F3,5,gBlocks,26.368,-0.088,STANDARD,34.144,5
H15,G1,E00,gBlocks,26.348,-0.108,STANDARD,35.558,1
H15,G2,E00,gBlocks,26.402,-0.054,STANDARD,Undetermined,1
H15,G3,E00,gBlocks,26.486,0.03,STANDARD,35.396,1
H15,H1,E00,gBlocks,26.195,-0.261,STANDARD,37.633,1
H15,H2,E00,gBlocks,26.345,-0.111,STANDARD,36.563,1
H15,H3,E00,gBlocks,26.361,-0.095,STANDARD,36.581,1
H16,A1,E05,gBlocks,29.91,3.828,STANDARD,19.368,100000
H16,A2,E05,gBlocks,30.607,4.524,STANDARD,19.274,100000
H16,A3,E05,gBlocks,29.114,3.031,STANDARD,19.353,100000
H16,B1,E04,gBlocks,26.859,0.776,STANDARD,22.412,10000
H16,B2,E04,gBlocks,26.543,0.46,STANDARD,22.445,10000
H16,B3,E04,gBlocks,26.215,0.132,STANDARD,22.554,10000
H16,C1,E03,gBlocks,25.961,-0.121,STANDARD,25.835,1000
H16,C2,E03,gBlocks,26.011,-0.071,STANDARD,25.646,1000
H16,C3,E03,gBlocks,25.959,-0.124,STANDARD,25.803,1000
H16,D1,E02,gBlocks,26.049,-0.034,STANDARD,28.966,100
H16,D2,E02,gBlocks,26.194,0.112,STANDARD,29.068,100
H16,D3,E02,gBlocks,26.268,0.185,STANDARD,28.848,100
H16,E1,E01,gBlocks,26.127,0.044,STANDARD,32.629,10
H16,E2,E01,gBlocks,25.949,-0.133,STANDARD,32.482,10
H16,E3,E01,gBlocks,26.077,-0.005,STANDARD,32.52,10
H16,F1,5,gBlocks,25.956,-0.126,STANDARD,33.071,5
H16,F2,5,gBlocks,26.211,0.128,STANDARD,34.504,5
H16,F3,5,gBlocks,26.204,0.122,STANDARD,32.85,5
H16,G1,E00,gBlocks,26.087,0.004,STANDARD,34.994,1
H16,G2,E00,gBlocks,25.922,-0.161,STANDARD,34.794,1
H16,G3,E00,gBlocks,26.097,0.014,STANDARD,34.702,1
H16,H1,E00,gBlocks,25.902,-0.18,STANDARD,34.8,1
H16,H2,E00,gBlocks,26.348,0.265,UNKNOWN,37.494,0.208355486
H16,H3,E00,gBlocks,26.063,-0.019,STANDARD,35.408,1
H17,A1,E05,gBlocks,31.327,4.586,STANDARD,19.668,100000
H17,A2,E05,gBlocks,31.856,5.115,STANDARD,19.581,100000
H17,A3,E05,gBlocks,31.37,4.63,STANDARD,19.662,100000
H17,B1,E04,gBlocks,27.113,0.373,STANDARD,22.868,10000
H17,B2,E04,gBlocks,27.242,0.502,STANDARD,22.881,10000
H17,B3,E04,gBlocks,26.777,0.036,STANDARD,22.964,10000
H17,C1,E03,gBlocks,26.557,-0.184,STANDARD,26.254,1000
H17,C2,E03,gBlocks,26.958,0.218,STANDARD,26.292,1000
H17,C3,E03,gBlocks,26.477,-0.263,STANDARD,26.382,1000
H17,D1,E02,gBlocks,26.635,-0.106,STANDARD,29.574,100
H17,D2,E02,gBlocks,26.68,-0.06,STANDARD,29.395,100
H17,D3,E02,gBlocks,26.675,-0.065,STANDARD,29.391,100
H17,E1,E01,gBlocks,26.747,0.007,STANDARD,33.033,10
H17,E2,E01,gBlocks,26.65,-0.091,STANDARD,32.515,10
H17,E3,E01,gBlocks,26.751,0.011,STANDARD,33.135,10
H17,F1,5,gBlocks,26.575,-0.165,STANDARD,33.965,5
H17,F2,5,gBlocks,26.777,0.037,STANDARD,33.962,5
H17,F3,5,gBlocks,26.689,-0.051,STANDARD,33.023,5
H17,G1,E00,gBlocks,26.615,-0.126,STANDARD,34.882,1
H17,G2,E00,gBlocks,26.668,-0.072,STANDARD,35.152,1
H17,G3,E00,gBlocks,26.719,-0.021,STANDARD,34.974,1
H17,H1,E00,gBlocks,26.737,-0.003,STANDARD,Undetermined,1
H17,H2,E00,gBlocks,26.622,-0.119,STANDARD,35.426,1
H17,H3,E00,gBlocks,26.616,-0.124,STANDARD,35.644,1
H18,A1,E05,gBlocks,32.323,5.432,STANDARD,19.161,100000
H18,A2,E05,gBlocks,33.47,6.579,STANDARD,18.937,100000
H18,A3,E05,gBlocks,31.315,4.425,STANDARD,18.966,100000
H18,B1,E04,gBlocks,28.154,1.264,STANDARD,22.304,10000
H18,B2,E04,gBlocks,27.742,0.852,STANDARD,22.362,10000
H18,B3,E04,gBlocks,27.214,0.324,STANDARD,22.43,10000
H18,C1,E03,gBlocks,27.058,0.167,STANDARD,25.617,1000
H18,C2,E03,gBlocks,27.093,0.203,STANDARD,25.617,1000
H18,C3,E03,gBlocks,26.793,-0.097,STANDARD,25.656,1000
H18,D1,E02,gBlocks,26.916,0.026,STANDARD,28.705,100
H18,D2,E02,gBlocks,27.022,0.132,STANDARD,28.844,100
H18,D3,E02,gBlocks,26.951,0.061,STANDARD,28.788,100
H18,E1,E01,gBlocks,26.972,0.081,STANDARD,31.911,10
H18,E2,E01,gBlocks,27.045,0.154,STANDARD,32.217,10
H18,E3,E01,gBlocks,26.942,0.052,STANDARD,32.473,10
H18,F1,5,gBlocks,26.818,-0.072,STANDARD,33.025,5
H18,F2,5,gBlocks,27.026,0.135,STANDARD,33.146,5
H18,F3,5,gBlocks,26.966,0.075,STANDARD,33.048,5
H18,G1,E00,gBlocks,27.095,0.205,STANDARD,36.136,1
H18,G2,E00,gBlocks,26.935,0.044,STANDARD,35.989,1
H18,G3,E00,gBlocks,27.001,0.111,STANDARD,34.363,1
H18,H1,E00,gBlocks,26.946,0.055,STANDARD,33.485,1
H18,H2,E00,gBlocks,26.834,-0.057,STANDARD,34.793,1
H18,H3,E00,gBlocks,26.95,0.059,STANDARD,34.119,1
H19,A1,E05,gBlocks,31.587,4.651,STANDARD,20.081,100000
H19,A2,E05,gBlocks,31.91,4.975,STANDARD,19.71,100000
H19,A3,E05,gBlocks,30.455,3.519,STANDARD,20.023,100000
H19,B1,E04,gBlocks,27.416,0.48,STANDARD,23.171,10000
H19,B2,E04,gBlocks,27.277,0.341,STANDARD,23.271,10000
H19,B3,E04,gBlocks,26.803,-0.133,STANDARD,23.589,10000
H19,C1,E03,gBlocks,26.857,-0.078,STANDARD,26.496,1000
H19,C2,E03,gBlocks,26.87,-0.066,STANDARD,26.434,1000
H19,C3,E03,gBlocks,26.855,-0.08,STANDARD,26.837,1000
H19,D1,E02,gBlocks,26.954,0.018,STANDARD,29.482,100
H19,D2,E02,gBlocks,26.829,-0.107,STANDARD,29.627,100
H19,D3,E02,gBlocks,26.929,-0.007,STANDARD,29.427,100
H19,E1,E01,gBlocks,26.925,-0.011,STANDARD,33.015,10
H19,E2,E01,gBlocks,26.886,-0.05,STANDARD,33.764,10
H19,E3,E01,gBlocks,26.864,-0.072,STANDARD,32.43,10
H19,F1,5,gBlocks,26.87,-0.066,STANDARD,33.466,5
H19,F2,5,gBlocks,27.112,0.176,STANDARD,33.551,5
H19,F3,5,gBlocks,26.803,-0.133,STANDARD,33.129,5
H19,G1,E00,gBlocks,26.866,-0.07,STANDARD,35.828,1
H19,G2,E00,gBlocks,26.946,0.01,STANDARD,34.536,1
H19,G3,E00,gBlocks,26.969,0.033,STANDARD,34.877,1
H19,H1,E00,gBlocks,26.823,-0.113,STANDARD,36.807,1
H19,H2,E00,gBlocks,26.856,-0.08,STANDARD,36.614,1
H19,H3,E00,gBlocks,26.85,-0.086,STANDARD,36.483,1
H20,A1,E05,gBlocks,30.738,3.976,STANDARD,19.538,100000
H20,A2,E05,gBlocks,31.28,4.518,STANDARD,19.439,100000
H20,A3,E05,gBlocks,30.667,3.904,STANDARD,19.561,100000
H20,B1,E04,gBlocks,27.405,0.643,STANDARD,23.103,10000
H20,B2,E04,gBlocks,27.232,0.47,STANDARD,23.113,10000
H20,B3,E04,gBlocks,27.081,0.319,STANDARD,23.152,10000
H20,C1,E03,gBlocks,26.862,0.099,STANDARD,26.321,1000
H20,C2,E03,gBlocks,26.787,0.025,STANDARD,26.276,1000
H20,C3,E03,gBlocks,26.794,0.031,STANDARD,26.216,1000
H20,D1,E02,gBlocks,26.937,0.174,STANDARD,29.377,100
H20,D2,E02,gBlocks,26.864,0.102,STANDARD,29.489,100
H20,D3,E02,gBlocks,26.908,0.145,STANDARD,29.698,100
H20,E1,E01,gBlocks,26.809,0.046,STANDARD,32.809,10
H20,E2,E01,gBlocks,26.814,0.052,STANDARD,32.81,10
H20,E3,E01,gBlocks,26.877,0.115,STANDARD,32.215,10
H20,F1,5,gBlocks,26.905,0.142,STANDARD,33.75,5
H20,F2,5,gBlocks,26.948,0.186,STANDARD,32.374,5
H20,F3,5,gBlocks,26.876,0.114,STANDARD,34,5
H20,G1,E00,gBlocks,26.965,0.203,STANDARD,35.02,1
H20,G2,E00,gBlocks,26.909,0.147,STANDARD,Undetermined,1
H20,G3,E00,gBlocks,27.03,0.268,STANDARD,34.947,1
H20,H1,E00,gBlocks,26.946,0.184,STANDARD,35.748,1
H20,H2,E00,gBlocks,26.846,0.084,STANDARD,35.441,1
H20,H3,E00,gBlocks,26.719,-0.044,STANDARD,36.324,1
H21,A1,E05,gBlocks,31.319,4.68,STANDARD,19.322,100000
H21,A2,E05,gBlocks,30.583,3.944,STANDARD,19.155,100000
H21,A3,E05,gBlocks,30.734,4.096,STANDARD,19.241,100000
H21,B1,E04,gBlocks,27.336,0.697,STANDARD,22.531,10000
H21,B2,E04,gBlocks,26.942,0.303,STANDARD,22.495,10000
H21,B3,E04,gBlocks,26.548,-0.091,STANDARD,22.575,10000
H21,C1,E03,gBlocks,26.703,0.064,STANDARD,25.717,1000
H21,C2,E03,gBlocks,26.525,-0.113,STANDARD,25.81,1000
H21,C3,E03,gBlocks,26.356,-0.282,STANDARD,25.894,1000
H21,D1,E02,gBlocks,26.51,-0.129,STANDARD,28.981,100
H21,D2,E02,gBlocks,26.712,0.073,STANDARD,28.903,100
H21,D3,E02,gBlocks,26.551,-0.088,STANDARD,29.074,100
H21,E1,E01,gBlocks,26.57,-0.068,STANDARD,32.772,10
H21,E2,E01,gBlocks,26.734,0.096,STANDARD,31.934,10
H21,E3,E01,gBlocks,26.672,0.033,STANDARD,31.966,10
H21,F1,5,gBlocks,26.687,0.048,STANDARD,33.663,5
H21,F2,5,gBlocks,26.688,0.05,STANDARD,32.769,5
H21,F3,5,gBlocks,26.524,-0.115,STANDARD,32.571,5
H21,G1,E00,gBlocks,26.691,0.052,STANDARD,35.321,1
H21,G2,E00,gBlocks,26.563,-0.075,STANDARD,34.958,1
H21,G3,E00,gBlocks,26.7,0.062,STANDARD,35.08,1
H21,H1,E00,gBlocks,26.742,0.103,STANDARD,35.294,1
H21,H2,E00,gBlocks,26.767,0.129,STANDARD,35.034,1
H21,H3,E00,gBlocks,26.645,0.006,STANDARD,35.952,1
H22,A1,E05,gBlocks,30.283,3.281,STANDARD,20.44,100000
H22,A2,E05,gBlocks,30.18,3.178,STANDARD,20.363,100000
H22,A3,E05,gBlocks,29.223,2.221,STANDARD,20.735,100000
H22,B1,E04,gBlocks,27.204,0.202,STANDARD,23.93,10000
H22,B2,E04,gBlocks,26.709,-0.293,STANDARD,24.087,10000
H22,B3,E04,gBlocks,26.522,-0.479,STANDARD,24.561,10000
H22,C1,E03,gBlocks,26.906,-0.096,STANDARD,27.227,1000
H22,C2,E03,gBlocks,26.746,-0.256,STANDARD,27.518,1000
H22,C3,E03,gBlocks,26.855,-0.147,STANDARD,28.027,1000
H22,D1,E02,gBlocks,26.938,-0.064,STANDARD,30.205,100
H22,D2,E02,gBlocks,26.953,-0.049,STANDARD,30.547,100
H22,D3,E02,gBlocks,27.019,0.018,STANDARD,30.615,100
H22,E1,E01,gBlocks,27.02,0.018,STANDARD,33.172,10
H22,E2,E01,gBlocks,26.935,-0.067,STANDARD,33.309,10
H22,E3,E01,gBlocks,27.028,0.026,STANDARD,33.774,10
H22,F1,5,gBlocks,26.784,-0.218,STANDARD,34.058,5
H22,F2,5,gBlocks,26.95,-0.052,STANDARD,33.727,5
H22,F3,5,gBlocks,26.91,-0.092,STANDARD,35.028,5
H22,G1,E00,gBlocks,26.993,-0.009,STANDARD,36.186,1
H22,G2,E00,gBlocks,26.99,-0.012,STANDARD,37.042,1
H22,G3,E00,gBlocks,26.977,-0.025,STANDARD,Undetermined,1
H22,H1,E00,gBlocks,26.987,-0.015,STANDARD,35.842,1
H22,H2,E00,gBlocks,26.889,-0.113,STANDARD,37.211,1
H22,H3,E00,gBlocks,26.966,-0.036,UNKNOWN,43.577,0.006200703
H23,A1,E05,gBlocks,30.578,3.697,STANDARD,19.929,100000
H23,A2,E05,gBlocks,31.201,4.32,STANDARD,19.556,100000
H23,A3,E05,gBlocks,30.998,4.117,STANDARD,19.585,100000
H23,B1,E04,gBlocks,27.12,0.239,STANDARD,23.303,10000
H23,B2,E04,gBlocks,27.029,0.148,STANDARD,23.268,10000
H23,B3,E04,gBlocks,26.905,0.024,STANDARD,23.415,10000
H23,C1,E03,gBlocks,26.821,-0.059,STANDARD,26.315,1000
H23,C2,E03,gBlocks,26.935,0.054,STANDARD,26.497,1000
H23,C3,E03,gBlocks,26.66,-0.221,STANDARD,26.562,1000
H23,D1,E02,gBlocks,26.733,-0.147,STANDARD,29.314,100
H23,D2,E02,gBlocks,26.989,0.108,STANDARD,29.509,100
H23,D3,E02,gBlocks,26.875,-0.006,STANDARD,29.477,100
H23,E1,E01,gBlocks,26.903,0.022,STANDARD,32.697,10
H23,E2,E01,gBlocks,26.945,0.064,STANDARD,32.982,10
H23,E3,E01,gBlocks,26.909,0.028,STANDARD,32.676,10
H23,F1,5,gBlocks,26.83,-0.051,STANDARD,33.684,5
H23,F2,5,gBlocks,26.878,-0.003,STANDARD,33.323,5
H23,F3,5,gBlocks,26.912,0.031,STANDARD,33.22,5
H23,G1,E00,gBlocks,26.929,0.049,STANDARD,35.716,1
H23,G2,E00,gBlocks,26.887,0.006,STANDARD,36.666,1
H23,G3,E00,gBlocks,26.996,0.115,STANDARD,35.6,1
H23,H1,E00,gBlocks,26.911,0.03,STANDARD,35.539,1
H23,H2,E00,gBlocks,26.9,0.019,STANDARD,35.203,1
H23,H3,E00,gBlocks,26.809,-0.072,UNKNOWN,38.293,0.16226384
H24,A1,E05,gBlocks,31.612,4.544,STANDARD,19.675,100000
H24,A2,E05,gBlocks,32.702,5.634,STANDARD,19.556,100000
H24,A3,E05,gBlocks,31.996,4.929,STANDARD,19.667,100000
H24,B1,E04,gBlocks,27.943,0.876,STANDARD,22.799,10000
H24,B2,E04,gBlocks,27.346,0.279,STANDARD,22.775,10000
H24,B3,E04,gBlocks,27.081,0.013,STANDARD,22.914,10000
H24,C1,E03,gBlocks,26.964,-0.103,STANDARD,26.173,1000
H24,C2,E03,gBlocks,26.781,-0.286,STANDARD,25.977,1000
H24,C3,E03,gBlocks,26.746,-0.321,STANDARD,26.207,1000
H24,D1,E02,gBlocks,27.015,-0.052,STANDARD,29.247,100
H24,D2,E02,gBlocks,26.985,-0.082,STANDARD,29.304,100
H24,D3,E02,gBlocks,27.015,-0.052,STANDARD,29.379,100
H24,E1,E01,gBlocks,26.937,-0.131,STANDARD,33.272,10
H24,E2,E01,gBlocks,26.943,-0.124,STANDARD,32.057,10
H24,E3,E01,gBlocks,27.057,-0.01,STANDARD,33.112,10
H24,F1,5,gBlocks,26.987,-0.08,STANDARD,33.479,5
H24,F2,5,gBlocks,26.952,-0.116,STANDARD,33.531,5
H24,F3,5,gBlocks,27.154,0.086,STANDARD,33.322,5
H24,G1,E00,gBlocks,26.737,-0.331,STANDARD,35.781,1
H24,G2,E00,gBlocks,26.981,-0.086,STANDARD,35.35,1
H24,G3,E00,gBlocks,27.092,0.024,STANDARD,35.767,1
H24,H1,E00,gBlocks,27.087,0.019,STANDARD,35.893,1
H24,H2,E00,gBlocks,26.95,-0.117,STANDARD,34.86,1
H24,H3,E00,gBlocks,26.852,-0.216,STANDARD,35.601,1
H25,A1,E05,gBlocks,33.409,6.55,STANDARD,19.437,100000
H25,A2,E05,gBlocks,32.648,5.788,STANDARD,19.325,100000
H25,A3,E05,gBlocks,32.497,5.638,STANDARD,19.373,100000
H25,B1,E04,gBlocks,27.634,0.775,STANDARD,22.511,10000
H25,B2,E04,gBlocks,27.185,0.326,STANDARD,22.633,10000
H25,B3,E04,gBlocks,26.87,0.011,STANDARD,22.594,10000
H25,C1,E03,gBlocks,26.643,-0.216,STANDARD,25.92,1000
H25,C2,E03,gBlocks,26.601,-0.258,STANDARD,25.821,1000
H25,C3,E03,gBlocks,26.555,-0.304,STANDARD,25.88,1000
H25,D1,E02,gBlocks,26.79,-0.069,STANDARD,29.273,100
H25,D2,E02,gBlocks,26.84,-0.019,STANDARD,29.015,100
H25,D3,E02,gBlocks,26.74,-0.119,STANDARD,29.195,100
H25,E1,E01,gBlocks,26.918,0.059,STANDARD,32.606,10
H25,E2,E01,gBlocks,26.753,-0.106,STANDARD,32.129,10
H25,E3,E01,gBlocks,26.769,-0.09,STANDARD,32.673,10
H25,F1,5,gBlocks,26.81,-0.049,STANDARD,33.515,5
H25,F2,5,gBlocks,26.895,0.036,STANDARD,33.023,5
H25,F3,5,gBlocks,26.721,-0.138,STANDARD,34.721,5
H25,G1,E00,gBlocks,26.976,0.117,STANDARD,35.762,1
H25,G2,E00,gBlocks,27.016,0.157,STANDARD,35.651,1
H25,G3,E00,gBlocks,26.922,0.063,STANDARD,34.764,1
H25,H1,E00,gBlocks,26.786,-0.073,STANDARD,35.967,1
H25,H2,E00,gBlocks,26.871,0.012,STANDARD,36.443,1
H25,H3,E00,gBlocks,26.863,0.004,STANDARD,35.356,1
H26,A1,E05,gBlocks,31.515,4.658,STANDARD,20.517,100000
H26,A2,E05,gBlocks,31.03,4.173,STANDARD,20.139,100000
H26,A3,E05,gBlocks,32.267,5.41,STANDARD,20.133,100000
H26,B1,E04,gBlocks,27.383,0.526,STANDARD,23.3,10000
H26,B2,E04,gBlocks,27.277,0.42,STANDARD,23.546,10000
H26,B3,E04,gBlocks,26.931,0.074,STANDARD,23.493,10000
H26,C1,E03,gBlocks,26.776,-0.081,STANDARD,26.751,1000
H26,C2,E03,gBlocks,26.6,-0.257,STANDARD,26.694,1000
H26,C3,E03,gBlocks,26.677,-0.18,STANDARD,26.686,1000
H26,D1,E02,gBlocks,26.844,-0.013,STANDARD,29.882,100
H26,D2,E02,gBlocks,26.822,-0.036,STANDARD,29.993,100
H26,D3,E02,gBlocks,26.729,-0.129,STANDARD,29.976,100
H26,E1,E01,gBlocks,26.705,-0.152,STANDARD,33.612,10
H26,E2,E01,gBlocks,26.962,0.105,STANDARD,32.822,10
H26,E3,E01,gBlocks,26.685,-0.172,STANDARD,32.79,10
H26,F1,5,gBlocks,26.901,0.043,STANDARD,34.518,5
H26,F2,5,gBlocks,26.741,-0.116,STANDARD,33.707,5
H26,F3,5,gBlocks,26.869,0.012,STANDARD,34.37,5
H26,G1,E00,gBlocks,26.74,-0.117,STANDARD,35.515,1
H26,G2,E00,gBlocks,26.87,0.013,STANDARD,35.723,1
H26,G3,E00,gBlocks,26.774,-0.083,STANDARD,36.206,1
H26,H1,E00,gBlocks,26.778,-0.079,STANDARD,37.849,1
H26,H2,E00,gBlocks,26.777,-0.08,STANDARD,36.112,1
H26,H3,E00,gBlocks,26.835,-0.022,STANDARD,35.674,1
H27,A1,E05,gBlocks,32.205,5.246,STANDARD,20.143,100000
H27,A2,E05,gBlocks,30.219,3.26,STANDARD,20.063,100000
H27,B1,E04,gBlocks,26.911,-0.048,STANDARD,23.55,10000
H27,B2,E04,gBlocks,28.763,1.804,STANDARD,23.487,10000
H27,B3,E04,gBlocks,27.19,0.231,STANDARD,23.735,10000
H27,C1,E03,gBlocks,26.765,-0.194,STANDARD,26.895,1000
H27,C2,E03,gBlocks,26.984,0.025,STANDARD,26.842,1000
H27,C3,E03,gBlocks,26.752,-0.207,STANDARD,26.951,1000
H27,D1,E02,gBlocks,26.89,-0.07,STANDARD,29.826,100
H27,D2,E02,gBlocks,26.955,-0.004,STANDARD,30.087,100
H27,D3,E02,gBlocks,26.927,-0.032,STANDARD,30.016,100
H27,E1,E01,gBlocks,26.917,-0.043,STANDARD,33.723,10
H27,E2,E01,gBlocks,26.964,0.005,STANDARD,32.599,10
H27,E3,E01,gBlocks,26.761,-0.198,STANDARD,33.908,10
H27,F1,5,gBlocks,27.015,0.055,STANDARD,34.218,5
H27,F2,5,gBlocks,26.767,-0.192,STANDARD,35.119,5
H27,F3,5,gBlocks,26.799,-0.161,STANDARD,34.108,5
H27,G1,E00,gBlocks,27.158,0.199,STANDARD,35.536,1
H27,G2,E00,gBlocks,26.774,-0.185,STANDARD,Undetermined,1
H27,G3,E00,gBlocks,26.909,-0.05,STANDARD,35.624,1
H27,H1,E00,gBlocks,27.108,0.149,STANDARD,36.391,1
H27,H2,E00,gBlocks,26.814,-0.145,STANDARD,38,1
H27,H3,E00,gBlocks,26.964,0.005,STANDARD,36.328,1
H28,A1,E05,gBlocks,29.978,3.569,STANDARD,19.528,100000
H28,A2,E05,gBlocks,29.938,3.529,STANDARD,19.213,100000
H28,A3,E05,gBlocks,29.981,3.572,STANDARD,19.341,100000
H28,B1,E04,gBlocks,26.9,0.491,STANDARD,22.498,10000
H28,B2,E04,gBlocks,26.696,0.287,STANDARD,22.479,10000
H28,B3,E04,gBlocks,26.219,-0.19,STANDARD,22.617,10000
H28,C1,E03,gBlocks,26.259,-0.15,STANDARD,25.833,1000
H28,C2,E03,gBlocks,26.175,-0.234,STANDARD,25.766,1000
H28,C3,E03,gBlocks,26.198,-0.21,STANDARD,25.936,1000
H28,D1,E02,gBlocks,26.286,-0.123,STANDARD,28.923,100
H28,D2,E02,gBlocks,26.317,-0.092,STANDARD,28.875,100
H28,D3,E02,gBlocks,26.274,-0.135,STANDARD,28.99,100
H28,E1,E01,gBlocks,26.24,-0.169,STANDARD,32.853,10
H28,E2,E01,gBlocks,26.246,-0.162,STANDARD,32.171,10
H28,E3,E01,gBlocks,26.344,-0.065,STANDARD,31.882,10
H28,F1,5,gBlocks,26.458,0.049,STANDARD,32.529,5
H28,F2,5,gBlocks,26.446,0.038,STANDARD,33.457,5
H28,F3,5,gBlocks,26.339,-0.07,STANDARD,33.48,5
H28,G1,E00,gBlocks,26.337,-0.071,STANDARD,35.438,1
H28,G2,E00,gBlocks,26.362,-0.047,STANDARD,36.967,1
H28,G3,E00,gBlocks,26.307,-0.102,STANDARD,36.894,1
H28,H1,E00,gBlocks,26.455,0.046,STANDARD,34.4,1
H28,H2,E00,gBlocks,26.417,0.008,STANDARD,36.417,1
H28,H3,E00,gBlocks,26.386,-0.023,STANDARD,Undetermined,1
H29,A1,E05,gBlocks,30.685,4.243,STANDARD,19.848,100000
H29,A2,E05,gBlocks,28.68,2.238,STANDARD,19.76,100000
H29,A3,E05,gBlocks,30.664,4.222,STANDARD,19.844,100000
H29,B1,E04,gBlocks,26.747,0.305,STANDARD,22.816,10000
H29,B2,E04,gBlocks,26.546,0.105,STANDARD,22.894,10000
H29,B3,E04,gBlocks,26.383,-0.059,STANDARD,22.972,10000
H29,C1,E03,gBlocks,26.421,-0.021,STANDARD,26.152,1000
H29,C2,E03,gBlocks,26.262,-0.179,STANDARD,26.144,1000
H29,C3,E03,gBlocks,26.35,-0.092,STANDARD,26.256,1000
H29,D1,E02,gBlocks,26.283,-0.159,STANDARD,29.389,100
H29,D2,E02,gBlocks,26.518,0.076,STANDARD,29.527,100
H29,D3,E02,gBlocks,26.403,-0.039,STANDARD,29.353,100
H29,E1,E01,gBlocks,26.273,-0.169,STANDARD,33.019,10
H29,E2,E01,gBlocks,26.324,-0.117,STANDARD,33.113,10
H29,E3,E01,gBlocks,26.335,-0.107,STANDARD,32.408,10
H29,F1,5,gBlocks,26.385,-0.057,STANDARD,33.41,5
H29,F2,5,gBlocks,26.515,0.073,STANDARD,34.13,5
H29,F3,5,gBlocks,26.457,0.015,STANDARD,33.553,5
H29,G1,E00,gBlocks,26.435,-0.007,STANDARD,Undetermined,1
H29,G2,E00,gBlocks,26.422,-0.02,STANDARD,35.726,1
H29,G3,E00,gBlocks,26.539,0.097,STANDARD,35.98,0.925766528
H29,H1,E00,gBlocks,26.413,-0.029,STANDARD,34.894,1
H29,H2,E00,gBlocks,26.458,0.016,STANDARD,36.629,1
H29,H3,E00,gBlocks,26.434,-0.008,STANDARD,35.276,1.531394005
H30,A1,E05,gBlocks,31.633,4.982,STANDARD,20.386,100000
H30,A2,E05,gBlocks,29.509,2.858,STANDARD,20.43,100000
H30,A3,E05,gBlocks,32.289,5.638,STANDARD,20.532,100000
H30,B1,E04,gBlocks,27.48,0.829,STANDARD,23.695,10000
H30,B2,E04,gBlocks,28.468,1.817,STANDARD,23.857,10000
H30,B3,E04,gBlocks,26.828,0.177,STANDARD,23.839,10000
H30,C1,E03,gBlocks,26.691,0.04,STANDARD,26.985,1000
H30,C2,E03,gBlocks,27.28,0.629,STANDARD,27.321,1000
H30,C3,E03,gBlocks,26.379,-0.272,STANDARD,26.934,1000
H30,D1,E02,gBlocks,27.106,0.455,STANDARD,30.523,100
H30,D2,E02,gBlocks,26.669,0.018,STANDARD,30.098,100
H30,D3,E02,gBlocks,26.635,-0.016,STANDARD,30.146,100
H30,E1,E01,gBlocks,26.681,0.03,STANDARD,34.352,10
H30,E2,E01,gBlocks,26.707,0.056,STANDARD,33.478,10
H30,E3,E01,gBlocks,26.79,0.139,STANDARD,34.55,10
H30,F1,5,gBlocks,26.767,0.116,STANDARD,34.509,5
H30,F2,5,gBlocks,26.769,0.118,STANDARD,33.54,5
H30,F3,5,gBlocks,26.667,0.016,STANDARD,34.377,5
H30,G1,E00,gBlocks,26.524,-0.128,STANDARD,36.38,1
H30,G2,E00,gBlocks,26.916,0.265,STANDARD,37.814,1
H30,G3,E00,gBlocks,27.008,0.357,STANDARD,36.79,1
H30,H1,E00,gBlocks,26.838,0.187,STANDARD,35.707,1
H30,H2,E00,gBlocks,26.754,0.103,STANDARD,36.14,1
H30,H3,E00,gBlocks,26.701,0.05,STANDARD,37.515,1
H32,A1,E05,gBlocks,31.433,4.693,STANDARD,20.959,100000
H32,A2,E05,gBlocks,30.992,4.252,STANDARD,20.737,100000
H32,A3,E05,gBlocks,30.988,4.248,STANDARD,20.827,100000
H32,B1,E04,gBlocks,27.162,0.422,STANDARD,24.081,10000
H32,B2,E04,gBlocks,26.617,-0.123,STANDARD,24.025,10000
H32,B3,E04,gBlocks,26.872,0.132,STANDARD,24.106,10000
H32,C1,E03,gBlocks,26.694,-0.046,STANDARD,27.534,1000
H32,C2,E03,gBlocks,26.566,-0.174,STANDARD,27.607,1000
H32,C3,E03,gBlocks,26.525,-0.215,STANDARD,27.359,1000
H32,D1,E02,gBlocks,26.757,0.017,STANDARD,30.865,100
H32,D2,E02,gBlocks,26.749,0.009,STANDARD,30.418,100
H32,D3,E02,gBlocks,26.857,0.117,STANDARD,31.099,100
H32,E1,E01,gBlocks,26.649,-0.091,STANDARD,33.86,10
H32,E2,E01,gBlocks,26.731,-0.009,STANDARD,33.661,10
H32,E3,E01,gBlocks,26.616,-0.124,STANDARD,33.847,10
H32,F1,5,gBlocks,26.757,0.017,STANDARD,34.971,5
H32,F2,5,gBlocks,26.882,0.142,STANDARD,35.503,5
H32,F3,5,gBlocks,26.757,0.017,STANDARD,35.17,5
H32,G1,E00,gBlocks,26.674,-0.066,STANDARD,35.847,1
H32,G2,E00,gBlocks,26.935,0.195,STANDARD,37.467,1
H32,G3,E00,gBlocks,26.711,-0.029,STANDARD,36.436,1
H32,H1,E00,gBlocks,26.771,0.031,STANDARD,36.325,1
H32,H2,E00,gBlocks,26.718,-0.022,STANDARD,35.755,1
H32,H3,E00,gBlocks,26.679,-0.061,STANDARD,36.61,1
H33,A1,E05,gBlocks,30.785,4.008,STANDARD,21.166,100000
H33,A2,E05,gBlocks,30.826,4.049,STANDARD,21.032,100000
H33,A3,E05,gBlocks,31.116,4.339,STANDARD,21.306,100000
H33,B1,E04,gBlocks,27.138,0.361,STANDARD,24.475,10000
H33,B2,E04,gBlocks,26.892,0.115,STANDARD,24.464,10000
H33,B3,E04,gBlocks,26.65,-0.127,STANDARD,24.614,10000
H33,C1,E03,gBlocks,26.755,-0.022,STANDARD,27.68,1000
H33,C2,E03,gBlocks,26.586,-0.191,STANDARD,27.659,1000
H33,C3,E03,gBlocks,26.654,-0.123,STANDARD,27.798,1000
H33,D1,E02,gBlocks,26.786,0.009,STANDARD,31.005,100
H33,D2,E02,gBlocks,26.829,0.052,STANDARD,31.304,100
H33,D3,E02,gBlocks,26.669,-0.108,STANDARD,31.028,100
H33,E1,E01,gBlocks,26.896,0.119,STANDARD,34.213,10
H33,E2,E01,gBlocks,26.806,0.029,STANDARD,34.602,10
H33,E3,E01,gBlocks,26.891,0.114,STANDARD,34.302,10
H33,F1,5,gBlocks,26.829,0.052,STANDARD,36.222,5
H33,F2,5,gBlocks,26.89,0.113,STANDARD,35.15,5
H33,F3,5,gBlocks,26.819,0.042,STANDARD,34.689,5
H33,G1,E00,gBlocks,26.799,0.022,STANDARD,35.591,1
H33,G2,E00,gBlocks,26.753,-0.024,STANDARD,36.696,1
H33,G3,E00,gBlocks,26.644,-0.133,STANDARD,36.748,1
H33,H1,E00,gBlocks,26.819,0.042,STANDARD,36.679,1
H33,H2,E00,gBlocks,26.86,0.083,STANDARD,Undetermined,1
H33,H3,E00,gBlocks,26.753,-0.024,STANDARD,36.559,1
H34,A1,E05,gBlocks,30.836,4.04,STANDARD,20.57,100000
H34,A2,E05,gBlocks,30.688,3.892,STANDARD,20.48,100000
H34,A3,E05,gBlocks,31.025,4.229,STANDARD,20.64,100000
H34,B1,E04,gBlocks,27.105,0.309,STANDARD,24.054,10000
H34,B2,E04,gBlocks,26.917,0.121,STANDARD,23.96,10000
H34,B3,E04,gBlocks,26.843,0.047,STANDARD,24.208,10000
H34,C1,E03,gBlocks,26.937,0.141,STANDARD,27.315,1000
H34,C2,E03,gBlocks,26.693,-0.103,STANDARD,26.99,1000
H34,C3,E03,gBlocks,26.64,-0.156,STANDARD,27.192,1000
H34,D1,E02,gBlocks,26.816,0.02,STANDARD,30.323,100
H34,D2,E02,gBlocks,26.793,-0.003,STANDARD,30.602,100
H34,D3,E02,gBlocks,26.859,0.063,STANDARD,30.76,100
H34,E1,E01,gBlocks,26.809,0.013,STANDARD,33.674,10
H34,E2,E01,gBlocks,26.836,0.04,STANDARD,33.554,10
H34,E3,E01,gBlocks,26.697,-0.099,STANDARD,34.42,10
H34,F1,5,gBlocks,26.826,0.03,STANDARD,35.41,5
H34,F2,5,gBlocks,26.78,-0.016,STANDARD,35.951,5
H34,F3,5,gBlocks,26.953,0.157,STANDARD,34.423,5
H34,G1,E00,gBlocks,26.851,0.055,STANDARD,36.864,1
H34,G2,E00,gBlocks,26.753,-0.043,STANDARD,Undetermined,1
H34,G3,E00,gBlocks,26.914,0.118,STANDARD,36.807,1
H34,H1,E00,gBlocks,26.871,0.075,STANDARD,35.969,1
H34,H2,E00,gBlocks,26.781,-0.015,STANDARD,37.43,1
H34,H3,E00,gBlocks,26.807,0.011,STANDARD,37.01,1
H35,A1,E05,gBlocks,29.153,2.566,STANDARD,20.835,100000
H35,A2,E05,gBlocks,29.234,2.647,STANDARD,20.55,100000
H35,A3,E05,gBlocks,29.486,2.899,STANDARD,20.868,100000
H35,B1,E04,gBlocks,26.797,0.21,STANDARD,23.779,10000
H35,B2,E04,gBlocks,26.429,-0.158,STANDARD,23.789,10000
H35,B3,E04,gBlocks,26.353,-0.234,STANDARD,23.844,10000
H35,C1,E03,gBlocks,26.49,-0.097,STANDARD,27.204,1000
H35,C2,E03,gBlocks,26.307,-0.28,STANDARD,27.117,1000
H35,C3,E03,gBlocks,26.126,-0.461,STANDARD,27.095,1000
H35,D1,E02,gBlocks,26.54,-0.047,STANDARD,30.354,100
H35,D2,E02,gBlocks,26.695,0.108,STANDARD,30.577,100
H35,D3,E02,gBlocks,26.479,-0.108,STANDARD,30.463,100
H35,E1,E01,gBlocks,26.504,-0.083,STANDARD,33.691,10
H35,E2,E01,gBlocks,26.619,0.032,STANDARD,34.006,10
H35,E3,E01,gBlocks,26.592,0.005,STANDARD,Undetermined,10
H35,F1,5,gBlocks,26.376,-0.211,STANDARD,34.555,5
H35,F2,5,gBlocks,26.511,-0.076,STANDARD,34.86,5
H35,F3,5,gBlocks,26.474,-0.113,STANDARD,34.645,5
H35,G1,E00,gBlocks,26.477,-0.11,STANDARD,35.432,1
H35,G2,E00,gBlocks,26.606,0.019,STANDARD,38.277,1
H35,G3,E00,gBlocks,26.582,-0.005,STANDARD,35.968,1
H35,H1,E00,gBlocks,26.473,-0.114,STANDARD,37.685,1
H35,H2,E00,gBlocks,26.411,-0.176,STANDARD,Undetermined,1
H35,H3,E00,gBlocks,26.498,-0.089,STANDARD,37.44,1
H36,A1,E05,gBlocks,29.267,2.502,STANDARD,22.411,100000
H36,A2,E05,gBlocks,28.605,1.84,STANDARD,22.464,100000
H36,A3,E05,gBlocks,28.675,1.91,STANDARD,22.855,100000
H36,B1,E04,gBlocks,26.781,0.016,STANDARD,25.438,10000
H36,B2,E04,gBlocks,26.578,-0.187,STANDARD,25.557,10000
H36,B3,E04,gBlocks,26.668,-0.097,STANDARD,25.804,10000
H36,C1,E03,gBlocks,26.713,-0.052,STANDARD,28.942,1000
H36,C2,E03,gBlocks,26.622,-0.143,STANDARD,28.802,1000
H36,C3,E03,gBlocks,26.669,-0.096,STANDARD,29.097,1000
H36,D1,E02,gBlocks,26.701,-0.064,STANDARD,31.899,100
H36,D2,E02,gBlocks,26.737,-0.028,STANDARD,32.155,100
H36,D3,E02,gBlocks,26.641,-0.124,STANDARD,32.131,100
H36,E1,E01,gBlocks,26.729,-0.036,STANDARD,35.231,10
H36,E2,E01,gBlocks,26.848,0.083,STANDARD,34.828,10
H36,E3,E01,gBlocks,26.654,-0.111,STANDARD,35.625,10
H36,F1,5,gBlocks,26.782,0.017,STANDARD,35.616,5
H36,F2,5,gBlocks,26.825,0.06,STANDARD,36.366,5
H36,F3,5,gBlocks,26.763,-0.002,STANDARD,36.077,5
H36,G1,E00,gBlocks,26.795,0.03,STANDARD,Undetermined,1
H36,G2,E00,gBlocks,26.767,0.002,STANDARD,Undetermined,1
H36,G3,E00,gBlocks,26.615,-0.15,STANDARD,38.797,1
H36,H1,E00,gBlocks,26.779,0.014,STANDARD,37.911,1
H36,H2,E00,gBlocks,26.752,-0.013,STANDARD,38.824,1
H36,H3,E00,gBlocks,26.682,-0.083,STANDARD,37.019,1
H37,A1,E05,gBlocks,29.675,3.217,STANDARD,20.709,100000
H37,A2,E05,gBlocks,29.4,2.942,STANDARD,20.54,100000
H37,A3,E05,gBlocks,29.337,2.879,STANDARD,20.693,100000
H37,B1,E04,gBlocks,26.639,0.181,STANDARD,23.633,10000
H37,B2,E04,gBlocks,26.469,0.011,STANDARD,23.736,10000
H37,B3,E04,gBlocks,26.344,-0.114,STANDARD,23.61,10000
H37,C1,E03,gBlocks,26.547,0.089,STANDARD,27.227,1000
H37,C2,E03,gBlocks,26.267,-0.191,STANDARD,27.044,1000
H37,C3,E03,gBlocks,26.277,-0.181,STANDARD,27.07,1000
H37,D1,E02,gBlocks,26.46,0.002,STANDARD,30.316,100
H37,D2,E02,gBlocks,26.454,-0.004,STANDARD,30.287,100
H37,D3,E02,gBlocks,26.498,0.04,STANDARD,30.248,100
H37,E1,E01,gBlocks,26.439,-0.019,STANDARD,33.96,10
H37,E2,E01,gBlocks,26.592,0.134,STANDARD,34.151,10
H37,E3,E01,gBlocks,26.618,0.16,STANDARD,33.849,10
H37,F1,5,gBlocks,26.532,0.074,STANDARD,34.008,5
H37,F2,5,gBlocks,26.495,0.037,UNKNOWN,37.029,0.703
H37,F3,5,gBlocks,26.497,0.039,STANDARD,35.83,5
H37,G1,E00,gBlocks,26.564,0.106,STANDARD,Undetermined,1
H37,G2,E00,gBlocks,26.492,0.034,STANDARD,35.748,1
H37,G3,E00,gBlocks,26.486,0.028,STANDARD,35.414,1
H37,H1,E00,gBlocks,26.481,0.023,STANDARD,35.716,1
H37,H2,E00,gBlocks,26.517,0.059,STANDARD,36.749,1
H37,H3,E00,gBlocks,26.441,-0.017,STANDARD,Undetermined,1
H38,A1,E05,gBlocks,28.467,1.993,STANDARD,21.445,100000
H38,A2,E05,gBlocks,27.773,1.299,STANDARD,21.219,100000
H38,A3,E05,gBlocks,28.743,2.269,STANDARD,20.947,100000
H38,B1,E04,gBlocks,26.378,-0.096,STANDARD,24.441,10000
H38,B2,E04,gBlocks,26.443,-0.031,STANDARD,24.461,10000
H38,B3,E04,gBlocks,26.479,0.005,STANDARD,24.052,10000
H38,C1,E03,gBlocks,26.563,0.089,STANDARD,27.809,1000
H38,C2,E03,gBlocks,26.46,-0.014,STANDARD,27.958,1000
H38,C3,E03,gBlocks,26.444,-0.03,STANDARD,27.52,1000
H38,D1,E02,gBlocks,26.452,-0.022,STANDARD,30.495,100
H38,D2,E02,gBlocks,26.518,0.044,STANDARD,31.19,100
H38,D3,E02,gBlocks,26.572,0.098,STANDARD,30.738,100
H38,E1,E01,gBlocks,26.55,0.076,STANDARD,34.584,10
H38,E2,E01,gBlocks,26.518,0.044,STANDARD,33.78,10
H38,E3,E01,gBlocks,26.55,0.076,STANDARD,33.951,10
H38,F1,5,gBlocks,26.62,0.146,STANDARD,35.97,5
H38,F2,5,gBlocks,26.606,0.132,STANDARD,34.41,5
H38,F3,5,gBlocks,26.62,0.146,STANDARD,35.145,5
H38,G1,E00,gBlocks,26.608,0.134,STANDARD,Undetermined,1
H38,G2,E00,gBlocks,26.604,0.13,STANDARD,36.735,1
H38,G3,E00,gBlocks,26.601,0.127,STANDARD,Undetermined,1
H38,H1,E00,gBlocks,26.491,0.017,STANDARD,36.879,1
H38,H2,E00,gBlocks,26.679,0.205,STANDARD,36.717,1
H38,H3,E00,gBlocks,26.665,0.191,STANDARD,38.451,1
H39,A1,E05,gBlocks,28.373,1.87,STANDARD,21.574,100000
H39,A2,E05,gBlocks,28.751,2.248,STANDARD,21.401,100000
H39,A3,E05,gBlocks,29.088,2.585,STANDARD,21.687,100000
H39,B1,E04,gBlocks,26.46,-0.043,STANDARD,24.618,10000
H39,B2,E04,gBlocks,26.476,-0.027,STANDARD,24.664,10000
H39,B3,E04,gBlocks,26.438,-0.065,STANDARD,24.81,10000
H39,C1,E03,gBlocks,26.511,0.008,STANDARD,28.157,1000
H39,C2,E03,gBlocks,26.412,-0.091,STANDARD,27.962,1000
H39,C3,E03,gBlocks,26.568,0.065,STANDARD,28.468,1000
H39,D1,E02,gBlocks,26.624,0.121,STANDARD,30.787,100
H39,D2,E02,gBlocks,26.444,-0.059,STANDARD,30.958,100
H39,D3,E02,gBlocks,26.304,-0.199,STANDARD,30.797,100
H39,E1,E01,gBlocks,26.493,-0.01,STANDARD,34.529,10
H39,E2,E01,gBlocks,26.581,0.078,STANDARD,34.602,10
H39,E3,E01,gBlocks,26.66,0.157,STANDARD,34.719,10
H39,F1,5,gBlocks,26.502,-0.001,STANDARD,35.918,5
H39,F2,5,gBlocks,26.582,0.079,STANDARD,36.193,5
H39,F3,5,gBlocks,26.52,0.017,STANDARD,35.514,5
H39,G1,E00,gBlocks,26.472,-0.031,STANDARD,Undetermined,1
H39,G2,E00,gBlocks,26.602,0.099,STANDARD,Undetermined,1
H39,G3,E00,gBlocks,26.616,0.113,STANDARD,Undetermined,1
H39,H1,E00,gBlocks,26.621,0.118,STANDARD,36.977,1
H39,H2,E00,gBlocks,26.458,-0.045,STANDARD,Undetermined,1
H39,H3,E00,gBlocks,26.605,0.102,STANDARD,Undetermined,1